Artist,Track
Echosmith,Cool Kids
Bleachers,I Wanna Get Better
We Are Twin,The Way We Touch
Ejecta,Mistress
Ceo,Wonderland
The Melodic,On My Way - Radio Mix
Betty Who,High Society
Sheppard,Geronimo
Ramesh,The King
Priory,Weekend
Ceo,OMG
The Notwist,Kong
Ceo,Mirage
American Authors,Believer
ODESZA,Without You
Little India,Sleep
Ceo,Harakiri
Ceo,In A Bubble On A Stream
RAC,Ready For It
Ed Sheeran,Don't
Paramore,Ain't It Fun
Manchester Orchestra,Every Stone
Phantom Runners,It Takes Me Away - Radio Edit
Ceo,jUjU
CHVRCHES,The Mother We Share
Kat Dahlia,Crazy
Ejecta,Afraid of the Dark
Ceo,Ultrakaos
Future Islands,Seasons (Waiting on You)
Interpol,All the Rage Back Home
Reputante,Sing To You
Bellstop,Trouble
Lorde,Team
Cloud Nothings,I'm Not Part Of Me
Shearwater,This Year
You Me at Six,Cold Night
Dierks Bentley,Drunk On A Plane
Reverend and the Makers,The Only One
Luke Sital-Singh,Greatest Lovers
First Aid Kit,My Silver Lining
Lights,Up We Go
Chl??e Howl,No Strings
MisterWives,Vagabond
Paper & Places,Live & Let Go
Lyla Foy,Feather Tongue
Intergalactic Lovers,Islands
Tube & Berger,Set It Off - Radio Edit
Dotan,Home
Todd Terje,Johnny and Mary (feat. Bryan Ferry)
The New Union,Now
Wolf Gang,Black River
Vance Joy,Riptide
Frank Turner,Plain Sailing Weather
Nina Nesbitt,Stay Out
Laura Stevenson,Runner
Dry the River,Gethsemane
Cut Copy,In Memory Capsule
The War on Drugs,Red Eyes
Ages and Ages,Divisionary (Do The Right Thing)
Us The Duo,Final Bow
ELEPHANT,Elusive Youth
Bear's Den,Elysium
The Courteeners,Are You In Love With A Notion?
Boho Dancer,Fictional Reasons
The Preatures,Is This How You Feel?
Blitz Kids,Sometimes
Twin Forks,Cross My Mind
AlunaGeorge,Best Be Believing
Imaginary Friend,Love Is Beginning
Slow Machete,Gray Eyed Bird
Calvin Harris,Under Control
Imagine Dragons,Who We Are - From ???The Hunger Games: Catching Fire??? Soundtrack
Meghan & Lucas,Make Believe
Jakwob,Somebody New (feat. Tiffani Juno)
Elbow,New York Morning
Twin Shadow,To The Top
FKA twigs,Two Weeks
The New Pornographers,Champions Of Red Wine
Quilla,A Million Broken Bikes
Oh My!,Scary Conversation
Imagine Dragons,Amsterdam
Violent Soho,Saramona Said
Clubfeet Feat. Chela,Heartbreak
Deaf Havana,Mildred
Snowbird,All Wishes Are Ghosts
Mayday Parade,Girls
School Is Cool,Wide-Eyed & Wild-Eyed
Max??mo Park,Brain Cells
Clare Maguire,Whenever You Want It
Duke Dumont,I Got U
Admiral Freebee,Nothing Else To Do
Tops,change of heart
The Naked and Famous,Hearts Like Ours - Sombear Remix
Kensington,All For Nothing - Radio Edit
Half Moon Run,Nerve
Moddi,House by the Sea
Kisses,Funny Heartbeat
Lorde,Tennis Court
Kaiser Chiefs,Bows & Arrows
The Lumineers,Gale Song - From ???The Hunger Games: Catching Fire??? Soundtrack
R??yksopp,Running to the Sea - Single Version
Dawn Golden,All I Want
Falco Benz,Hat Tricks
Little Dragon,Pretty Girls
Lane 8,Nothing You Can Say - Radio Edit
Oscar and the Wolf,Strange Entity
Old Crow Medicine Show,O Cumberland River
Noosa,Love
Bleachers,Wild Heart
Arc Iris,Whiskey Man
Rayland Baxter,Bad Things
The Exploding Boy,Street Clich??
Drowners,Luv Hold Me Down
The Jezabels,Look Of Love
Ella Eyre,Deeper
Matthew Mayfield,Heartbeat
Bombay Bicycle Club,Whenever Wherever
FM Belfast,Everything
Weeping Willows,Lovers Never Say Goodbye
Eaters,Bury the Lines
Kovacs,My Love
Sia,Straight for the Knife
Walk the Moon,Shut Up and Dance
Kult Country,Trembling Moon - Single Version
Bleachers,Take Me Away
GusGus,Over
Thumpers,Sound of Screams
Catfish And The Bottlemen,Pacifier
Say Lou Lou,Julian
Falls,Hey
The Mowgli's,Say It Just Say It
Ballet School,Heartbeat Overdrive
Sylvan Esso,Coffee
Blood Orange,You're Not Good Enough
Satellite Stories,Australia (Don't Ever Let Her Go)
The Show Ponies,Gone
Sam Smith,Money on My Mind
Damon Albarn,Mr Tembo
Example,Kids Again (Radio Edit)
SOHN,Artifice
Strange Talk,Young Hearts
Bipolar Sunshine,Deckchairs On The Moon
Charli XCX,Boom Clap
Kyla La Grange,Never That Young
Jamie xx,All Under One Roof Raving
Half Moon Run,Full Circle
Daughter,Candles
Bastille,Pompeii
The Districts,Funeral Beds
The Struts,Kiss This
Frank Turner,The Way I Tend To Be
Talisco,Your Wish - Radio Edit
The Sea The Sea,Love We Are We Love
Afterpartees,First/Last
The Spectors,Nico
Ron Pope,Lick My Wounds
Warpaint,Love Is to Die
School Is Cool,Tryst
Say Lou Lou,Better in the Dark
Masha Qrella,Boys Don't Cry
Trust,Joyland
Blaudzun,Promises of no man's Land
MISUN,Travel With Me
Milow,We Must Be Crazy
Rigby,Let Go - (Radio Edit)
Miniature Tigers,Swimming Pool Blues
Hydrogen Sea,Wear Out
The Dirty Heads,My Sweet Summer
Magnus,Singing Man
The Hawk in Paris,The New Hello
Andrew Combs,Heavy
Family of the Year,St. Croix
Atlas Genius,Trojans
Austin Lucas,Alone In Memphis
Muse,Big Freeze
Milky Chance,Stolen Dance
Fierce Bad Rabbit,Wildflowers
The Royal Concept,On Our Way
Vaudeville Etiquette,Devil's Daughter
Donna The Buffalo,Don???t Know What We???ve Got
Foster the People,Coming of Age
Kaiser Chiefs,Coming Home
Miniature Tigers,Oblivious
London Grammar,Nightcall
High Highs,A Real Hero
Real Lies,World Peace
Broken Bells,After the Disco
Lydia Loveless,All I Know
The Majority Says,Run Alone
The Rifles,Go Lucky
Bombay Bicycle Club,Luna
Modern Baseball,Fine Great
Cole Swindell,Hope You Get Lonely Tonight
We Invented Paris,Mont Blanc (Radio Edit)
Foster the People,Best Friend
together PANGEA,All Creation
The Black Keys,Fever
Antarctigo Vespucci,I'm Giving Up On U2
Grouplove,Let Me In
Kenny Chesney,American Kids
Vance Joy,Georgia
The Jezabels,Hurt Me
Black Rebel Motorcycle Club,Beat the Devil's Tattoo
Metric,Synthetica
Foxes,Let Go for Tonight
Nick Mulvey,Cucurucu
The Last Bison,Quill
Cut Ribbons,Luna
Tom Odell,I Know
Vampire Weekend,Worship You
La Roux,Uptight Downtown
Jason Isbell,Stockholm
Amason,Went To War
HAIM,If I Could Change Your Mind
Los Campesinos!,Let It Spill
Cage the Elephant,Cigarette Daydreams
Kris Berry & Perquisite,Let Go
We Are Augustines,Cruel City
Nick Mulvey,Nitrous
Isobel Anderson,Waiting For You
Danny,(Never Stop Building) That Old Space Rocket
Michael Prins,Lover And A Man
Tim Knol,Motion of Life
Breton,Envy
Sway Clarke II,I Don't Need Much
Saint Motel,Ace in the Hole
Temples,Mesmerise
Alcest,Opale - Single Version
L??psley,Station
Vinyl Pinups,Gold Rays
Neon Trees,Sleeping With A Friend
Big & Rich,Look at You
Klaxons,There Is No Other Time
Ingrid Michaelson,Afterlife
Sharon Van Etten,Every Time the Sun Comes Up
Arsenal,Black Mountain (Beautiful Love) - Radio Edit
R??yksopp & Robyn,Do It Again
The Ting Tings,Wrong Club
Cazzette,Sleepless - Radio Edit
Ryan Adams,Gimme Something Good
Zola Jesus,Dangerous Days
Cold War Kids,First
Betty Who,Runaways
Elle King,Ex's & Oh's
Midi Matilda,Day Dreams
Imagine Dragons,Demons
Samantha Crain,Somewhere All the Time
